P_atm,cp_peak_T_K_10000_20000,cp_peak_J_kgK_10000_20000
0.1,12700.0,12104.008824509037
1.0,14700.0,9644.182722671925
4.0,16100.0,8322.93608831021
