P_atm,cp_peak_T_K_0_30000,cp_peak_J_kgK_0_30000
0.1,22300.0,15425.5867539021
1.0,25700.0,12458.996097084284
4.0,28300.0,10873.009548963197
