{
  "0.1 atm": {
    "n_states": 150,
    "collision_stage": {
      "heavy_pair_mean_share": {
        "Ar-Ar": 0.3307546918262994,
        "Ar-Ar+": 0.028198081379663044,
        "Ar-Ar2+": 1.2646936613996702e-05,
        "Ar-Ar3+": 8.628786331143523e-09,
        "Ar-Ar4+": 3.463080883428264e-13,
        "Ar+-Ar+": 0.31178631211338553,
        "Ar+-Ar2+": 0.05042483514592454,
        "Ar+-Ar3+": 0.00018175036245435616,
        "Ar+-Ar4+": 1.367784223653266e-08,
        "Ar2+-Ar2+": 0.2613443606527596,
        "Ar2+-Ar3+": 0.014719774862370206,
        "Ar2+-Ar4+": 2.0935068956487155e-06,
        "Ar3+-Ar3+": 0.002574929498205534,
        "Ar3+-Ar4+": 5.012942886386874e-07,
        "Ar4+-Ar4+": 1.1416439323107714e-10
      },
      "electron_pair_mean_share": {
        "e--Ar": 0.2154934025769764,
        "e--Ar+": 0.480986733214136,
        "e--Ar2+": 0.287814873965824,
        "e--Ar3+": 0.01570265504225549,
        "e--Ar4+": 2.335200808124493e-06
      },
      "heavy_pair_top3": [
        [
          "Ar-Ar",
          0.3307546918262994
        ],
        [
          "Ar+-Ar+",
          0.31178631211338553
        ],
        [
          "Ar2+-Ar2+",
          0.2613443606527596
        ]
      ],
      "electron_pair_top3": [
        [
          "e--Ar+",
          0.480986733214136
        ],
        [
          "e--Ar2+",
          0.287814873965824
        ],
        [
          "e--Ar",
          0.2154934025769764
        ]
      ]
    },
    "matrix_stage": {
      "mu_diag_ratio_mean": 498680139039899.6,
      "mu_offdiag_to_diag_mean": 0.05468167693791477,
      "kH_diag_ratio_mean": 362082543127763.7,
      "kH_offdiag_to_diag_mean": 0.10174960042353533,
      "lee3_diag_ratio_mean": 8.339735110493873,
      "lee3_offdiag_to_diag_mean": 0.8388546547208109
    },
    "output_stage": {
      "kappa_share_H_mean": 0.28422441381652114,
      "kappa_share_e_mean": 0.705628011911879,
      "kappa_share_int_mean": 0.0005154445396392926,
      "kappa_share_reac_mean": 0.009632129731960612
    }
  },
  "1 atm": {
    "n_states": 150,
    "collision_stage": {
      "heavy_pair_mean_share": {
        "Ar-Ar": 0.37986940117915496,
        "Ar-Ar+": 0.04736735766048357,
        "Ar-Ar2+": 9.508622665300233e-05,
        "Ar-Ar3+": 9.025631905331289e-08,
        "Ar-Ar4+": 5.905776502234812e-13,
        "Ar+-Ar+": 0.34228101367316976,
        "Ar+-Ar2+": 0.062836340290668,
        "Ar+-Ar3+": 0.00015959904968719215,
        "Ar+-Ar4+": 1.648848979289086e-09,
        "Ar2+-Ar2+": 0.16578047653503686,
        "Ar2+-Ar3+": 0.001581064563079922,
        "Ar2+-Ar4+": 2.4796185729532383e-08,
        "Ar3+-Ar3+": 2.95435262107643e-05,
        "Ar3+-Ar4+": 5.938982070508753e-10,
        "Ar4+-Ar4+": 1.3750531236302005e-14
      },
      "electron_pair_mean_share": {
        "e--Ar": 0.24698870629264283,
        "e--Ar+": 0.5523372341614975,
        "e--Ar2+": 0.19895339378177337,
        "e--Ar3+": 0.0017206377359850445,
        "e--Ar4+": 2.802810116737898e-08
      },
      "heavy_pair_top3": [
        [
          "Ar-Ar",
          0.37986940117915496
        ],
        [
          "Ar+-Ar+",
          0.34228101367316976
        ],
        [
          "Ar2+-Ar2+",
          0.16578047653503686
        ]
      ],
      "electron_pair_top3": [
        [
          "e--Ar+",
          0.5523372341614975
        ],
        [
          "e--Ar",
          0.24698870629264283
        ],
        [
          "e--Ar2+",
          0.19895339378177337
        ]
      ]
    },
    "matrix_stage": {
      "mu_diag_ratio_mean": 572535512002811.6,
      "mu_offdiag_to_diag_mean": 0.0720976413862728,
      "kH_diag_ratio_mean": 419094424891505.9,
      "kH_offdiag_to_diag_mean": 0.12361408843659542,
      "lee3_diag_ratio_mean": 8.195204596305432,
      "lee3_offdiag_to_diag_mean": 0.7841597746859422
    },
    "output_stage": {
      "kappa_share_H_mean": 0.30562294035784077,
      "kappa_share_e_mean": 0.6864628874834297,
      "kappa_share_int_mean": 0.0022241904995753095,
      "kappa_share_reac_mean": 0.005689981659154255
    }
  },
  "4 atm": {
    "n_states": 150,
    "collision_stage": {
      "heavy_pair_mean_share": {
        "Ar-Ar": 0.4167838040812644,
        "Ar-Ar+": 0.06821827708344785,
        "Ar-Ar2+": 0.00035158239740662976,
        "Ar-Ar3+": 2.7785402184126925e-07,
        "Ar-Ar4+": 6.396691788671927e-13,
        "Ar+-Ar+": 0.35778292088788677,
        "Ar+-Ar2+": 0.0649396144556479,
        "Ar+-Ar3+": 0.0001055398492423917,
        "Ar+-Ar4+": 3.518509892341834e-10,
        "Ar2+-Ar2+": 0.09150743347445017,
        "Ar2+-Ar3+": 0.00030896990093767405,
        "Ar2+-Ar4+": 1.3494353913378319e-09,
        "Ar3+-Ar3+": 1.5783055436294356e-06,
        "Ar3+-Ar4+": 8.224914451420368e-12,
        "Ar4+-Ar4+": 4.858003175650613e-17
      },
      "electron_pair_mean_share": {
        "e--Ar": 0.2725791874544655,
        "e--Ar+": 0.5965123267739172,
        "e--Ar2+": 0.13053303588946566,
        "e--Ar3+": 0.000375448220426218,
        "e--Ar4+": 1.6617251759897689e-09
      },
      "heavy_pair_top3": [
        [
          "Ar-Ar",
          0.4167838040812644
        ],
        [
          "Ar+-Ar+",
          0.35778292088788677
        ],
        [
          "Ar2+-Ar2+",
          0.09150743347445017
        ]
      ],
      "electron_pair_top3": [
        [
          "e--Ar+",
          0.5965123267739172
        ],
        [
          "e--Ar",
          0.2725791874544655
        ],
        [
          "e--Ar2+",
          0.13053303588946566
        ]
      ]
    },
    "matrix_stage": {
      "mu_diag_ratio_mean": 635815558246990.0,
      "mu_offdiag_to_diag_mean": 0.09174231900267155,
      "kH_diag_ratio_mean": 468669042549604.75,
      "kH_offdiag_to_diag_mean": 0.14871917628165643,
      "lee3_diag_ratio_mean": 8.039615237134734,
      "lee3_offdiag_to_diag_mean": 0.7454620953491549
    },
    "output_stage": {
      "kappa_share_H_mean": 0.31995689266080957,
      "kappa_share_e_mean": 0.6709115536863602,
      "kappa_share_int_mean": 0.005213556865275191,
      "kappa_share_reac_mean": 0.0039179967875550585
    }
  }
}