{
  "0.1 atm": {
    "n_states": 150,
    "collision_stage": {
      "heavy_pair_mean_share": {
        "Ar-Ar": 0.3318961528791563,
        "Ar-Ar+": 0.027425086115453988,
        "Ar-Ar2+": 1.248933166342059e-05,
        "Ar-Ar3+": 8.528596920010955e-09,
        "Ar-Ar4+": 3.4239761211229394e-13,
        "Ar+-Ar+": 0.31141766580421704,
        "Ar+-Ar2+": 0.0504250656094626,
        "Ar+-Ar3+": 0.00018175038305388673,
        "Ar+-Ar4+": 1.367784230627198e-08,
        "Ar2+-Ar2+": 0.26134446821916385,
        "Ar2+-Ar3+": 0.014719775026452735,
        "Ar2+-Ar4+": 2.093506903644795e-06,
        "Ar3+-Ar3+": 0.002574929509236512,
        "Ar3+-Ar4+": 5.012942902482767e-07,
        "Ar4+-Ar4+": 1.1416439356177556e-10
      },
      "electron_pair_mean_share": {
        "e--Ar": 0.2154934025769764,
        "e--Ar+": 0.480986733214136,
        "e--Ar2+": 0.287814873965824,
        "e--Ar3+": 0.01570265504225549,
        "e--Ar4+": 2.335200808124493e-06
      },
      "heavy_pair_top3": [
        [
          "Ar-Ar",
          0.3318961528791563
        ],
        [
          "Ar+-Ar+",
          0.31141766580421704
        ],
        [
          "Ar2+-Ar2+",
          0.26134446821916385
        ]
      ],
      "electron_pair_top3": [
        [
          "e--Ar+",
          0.480986733214136
        ],
        [
          "e--Ar2+",
          0.287814873965824
        ],
        [
          "e--Ar",
          0.2154934025769764
        ]
      ]
    },
    "matrix_stage": {
      "mu_diag_ratio_mean": 470952916784761.3,
      "mu_offdiag_to_diag_mean": 0.03698812533197983,
      "kH_diag_ratio_mean": 359910005932960.25,
      "kH_offdiag_to_diag_mean": 0.08431376789762372,
      "lee3_diag_ratio_mean": 8.339735110493873,
      "lee3_offdiag_to_diag_mean": 0.8388546547208109
    },
    "output_stage": {
      "kappa_share_H_mean": 0.2563045679220941,
      "kappa_share_e_mean": 0.6162702731505301,
      "kappa_share_int_mean": 0.0002465956007125656,
      "kappa_share_reac_mean": 0.1271785633266633
    }
  },
  "1 atm": {
    "n_states": 150,
    "collision_stage": {
      "heavy_pair_mean_share": {
        "Ar-Ar": 0.3816607559071558,
        "Ar-Ar+": 0.046042097705177344,
        "Ar-Ar2+": 9.394974540482023e-05,
        "Ar-Ar3+": 8.922263608344351e-08,
        "Ar-Ar4+": 5.839165905045213e-13,
        "Ar+-Ar+": 0.34181378155771674,
        "Ar+-Ar2+": 0.06283778161307171,
        "Ar+-Ar3+": 0.00015959949577276801,
        "Ar+-Ar4+": 1.6488501688728176e-09,
        "Ar2+-Ar2+": 0.16578130786942874,
        "Ar2+-Ar3+": 0.0015810662988920271,
        "Ar2+-Ar4+": 2.4796200358164484e-08,
        "Ar3+-Ar3+": 2.9543545197435224e-05,
        "Ar3+-Ar4+": 5.938985134747507e-10,
        "Ar4+-Ar4+": 1.3750537777196512e-14
      },
      "electron_pair_mean_share": {
        "e--Ar": 0.24698870629264283,
        "e--Ar+": 0.5523372341614975,
        "e--Ar2+": 0.19895339378177337,
        "e--Ar3+": 0.0017206377359850445,
        "e--Ar4+": 2.802810116737898e-08
      },
      "heavy_pair_top3": [
        [
          "Ar-Ar",
          0.3816607559071558
        ],
        [
          "Ar+-Ar+",
          0.34181378155771674
        ],
        [
          "Ar2+-Ar2+",
          0.16578130786942874
        ]
      ],
      "electron_pair_top3": [
        [
          "e--Ar+",
          0.5523372341614975
        ],
        [
          "e--Ar",
          0.24698870629264283
        ],
        [
          "e--Ar2+",
          0.19895339378177337
        ]
      ]
    },
    "matrix_stage": {
      "mu_diag_ratio_mean": 535584471282121.5,
      "mu_offdiag_to_diag_mean": 0.04283441104040375,
      "kH_diag_ratio_mean": 413126567804451.8,
      "kH_offdiag_to_diag_mean": 0.09513534968362972,
      "lee3_diag_ratio_mean": 8.195204596305432,
      "lee3_offdiag_to_diag_mean": 0.7841597746859422
    },
    "output_stage": {
      "kappa_share_H_mean": 0.28107144150712143,
      "kappa_share_e_mean": 0.5967126343203258,
      "kappa_share_int_mean": 0.0011603243388651414,
      "kappa_share_reac_mean": 0.12105559983368752
    }
  },
  "4 atm": {
    "n_states": 150,
    "collision_stage": {
      "heavy_pair_mean_share": {
        "Ar-Ar": 0.419173853591044,
        "Ar-Ar+": 0.06632734959741159,
        "Ar-Ar2+": 0.0003474972540583885,
        "Ar-Ar3+": 2.7470035726950817e-07,
        "Ar-Ar4+": 6.324692429933222e-13,
        "Ar+-Ar+": 0.3572799141732179,
        "Ar+-Ar2+": 0.06494461131464817,
        "Ar+-Ar3+": 0.00010554247651940798,
        "Ar+-Ar4+": 3.518557356919371e-10,
        "Ar2+-Ar2+": 0.09151040179667234,
        "Ar2+-Ar3+": 0.0003089750604426323,
        "Ar2+-Ar4+": 1.3494514876091086e-09,
        "Ar3+-Ar3+": 1.5783254633959398e-06,
        "Ar3+-Ar4+": 8.225003318751594e-12,
        "Ar4+-Ar4+": 4.858052269575388e-17
      },
      "electron_pair_mean_share": {
        "e--Ar": 0.2725791874544655,
        "e--Ar+": 0.5965123267739172,
        "e--Ar2+": 0.13053303588946566,
        "e--Ar3+": 0.000375448220426218,
        "e--Ar4+": 1.6617251759897689e-09
      },
      "heavy_pair_top3": [
        [
          "Ar-Ar",
          0.419173853591044
        ],
        [
          "Ar+-Ar+",
          0.3572799141732179
        ],
        [
          "Ar2+-Ar2+",
          0.09151040179667234
        ]
      ],
      "electron_pair_top3": [
        [
          "e--Ar+",
          0.5965123267739172
        ],
        [
          "e--Ar",
          0.2725791874544655
        ],
        [
          "e--Ar2+",
          0.13053303588946566
        ]
      ]
    },
    "matrix_stage": {
      "mu_diag_ratio_mean": 591318149634102.4,
      "mu_offdiag_to_diag_mean": 0.050069889738181356,
      "kH_diag_ratio_mean": 459792752031223.5,
      "kH_offdiag_to_diag_mean": 0.10855189875720771,
      "lee3_diag_ratio_mean": 8.039615237134734,
      "lee3_offdiag_to_diag_mean": 0.7454620953491549
    },
    "output_stage": {
      "kappa_share_H_mean": 0.2975284020465493,
      "kappa_share_e_mean": 0.5872558614407251,
      "kappa_share_int_mean": 0.002857301462765568,
      "kappa_share_reac_mean": 0.11235843504996003
    }
  }
}