{
  "0.1 atm": {
    "n_states": 150,
    "collision_stage": {
      "heavy_pair_mean_share": {
        "Ar-Ar": 0.33079894630934104,
        "Ar-Ar+": 0.028105863073121982,
        "Ar-Ar2+": 1.2626964973496334e-05,
        "Ar-Ar3+": 8.619739722130271e-09,
        "Ar-Ar4+": 3.459997900308572e-13,
        "Ar+-Ar+": 0.3118342518271355,
        "Ar+-Ar2+": 0.05042486668568116,
        "Ar+-Ar3+": 0.00018175036472099074,
        "Ar+-Ar4+": 1.3677842242238575e-08,
        "Ar2+-Ar2+": 0.2613443731853475,
        "Ar2+-Ar3+": 0.014719774877312334,
        "Ar2+-Ar4+": 2.093506896280464e-06,
        "Ar3+-Ar3+": 0.002574929499088598,
        "Ar3+-Ar4+": 5.01294288763632e-07,
        "Ar4+-Ar4+": 1.1416439325651157e-10
      },
      "electron_pair_mean_share": {
        "e--Ar": 0.2149294130332353,
        "e--Ar+": 0.48155043686656673,
        "e--Ar2+": 0.2878151593574635,
        "e--Ar3+": 0.01570265554189585,
        "e--Ar4+": 2.335200838980309e-06
      },
      "heavy_pair_top3": [
        [
          "Ar-Ar",
          0.33079894630934104
        ],
        [
          "Ar+-Ar+",
          0.3118342518271355
        ],
        [
          "Ar2+-Ar2+",
          0.2613443731853475
        ]
      ],
      "electron_pair_top3": [
        [
          "e--Ar+",
          0.48155043686656673
        ],
        [
          "e--Ar2+",
          0.2878151593574635
        ],
        [
          "e--Ar",
          0.2149294130332353
        ]
      ]
    },
    "matrix_stage": {
      "mu_diag_ratio_mean": 591250936707107.8,
      "mu_offdiag_to_diag_mean": 0.05512151952779401,
      "kH_diag_ratio_mean": 420936273572699.9,
      "kH_offdiag_to_diag_mean": 0.10213560331573647,
      "lee3_diag_ratio_mean": 29.9929022522056,
      "lee3_offdiag_to_diag_mean": 0.9269828732093941
    },
    "output_stage": {
      "kappa_share_H_mean": 0.2614427685725827,
      "kappa_share_e_mean": 0.5972185662777654,
      "kappa_share_int_mean": 0.0002754592072299267,
      "kappa_share_reac_mean": 0.14106320594242208
    }
  },
  "1 atm": {
    "n_states": 150,
    "collision_stage": {
      "heavy_pair_mean_share": {
        "Ar-Ar": 0.37992544586780946,
        "Ar-Ar+": 0.04725060144578988,
        "Ar-Ar2+": 9.496677493996825e-05,
        "Ar-Ar3+": 9.016900987666118e-08,
        "Ar-Ar4+": 5.900551768283358e-13,
        "Ar+-Ar+": 0.34234159584438456,
        "Ar+-Ar2+": 0.0628365076741337,
        "Ar+-Ar3+": 0.00015959909120357956,
        "Ar+-Ar4+": 1.6488490749426754e-09,
        "Ar2+-Ar2+": 0.16578055785560294,
        "Ar2+-Ar3+": 0.0015810647098710906,
        "Ar2+-Ar4+": 2.479618687868714e-08,
        "Ar3+-Ar3+": 2.954352771689383e-05,
        "Ar3+-Ar4+": 5.938982307824433e-10,
        "Ar4+-Ar4+": 1.3750531738911162e-14
      },
      "electron_pair_mean_share": {
        "e--Ar": 0.24573758631129275,
        "e--Ar+": 0.553585899792322,
        "e--Ar2+": 0.19895584330693378,
        "e--Ar3+": 0.0017206425613007707,
        "e--Ar4+": 2.802815064845341e-08
      },
      "heavy_pair_top3": [
        [
          "Ar-Ar",
          0.37992544586780946
        ],
        [
          "Ar+-Ar+",
          0.34234159584438456
        ],
        [
          "Ar2+-Ar2+",
          0.16578055785560294
        ]
      ],
      "electron_pair_top3": [
        [
          "e--Ar+",
          0.553585899792322
        ],
        [
          "e--Ar",
          0.24573758631129275
        ],
        [
          "e--Ar2+",
          0.19895584330693378
        ]
      ]
    },
    "matrix_stage": {
      "mu_diag_ratio_mean": 666101682563812.4,
      "mu_offdiag_to_diag_mean": 0.0727170036962553,
      "kH_diag_ratio_mean": 478469340624050.3,
      "kH_offdiag_to_diag_mean": 0.12415921374404704,
      "lee3_diag_ratio_mean": 39.41196348292102,
      "lee3_offdiag_to_diag_mean": 0.8897323201302311
    },
    "output_stage": {
      "kappa_share_H_mean": 0.2882204681905207,
      "kappa_share_e_mean": 0.5680926856914197,
      "kappa_share_int_mean": 0.0013812594795609952,
      "kappa_share_reac_mean": 0.14230558663849863
    }
  },
  "4 atm": {
    "n_states": 150,
    "collision_stage": {
      "heavy_pair_mean_share": {
        "Ar-Ar": 0.4168490169607522,
        "Ar-Ar+": 0.06808147911594499,
        "Ar-Ar2+": 0.0003511976378675253,
        "Ar-Ar3+": 2.7759644583565536e-07,
        "Ar-Ar4+": 6.391068700807854e-13,
        "Ar+-Ar+": 0.3578541018212067,
        "Ar+-Ar2+": 0.06494013783992254,
        "Ar+-Ar3+": 0.00010554007582108553,
        "Ar+-Ar4+": 3.518513676083396e-10,
        "Ar2+-Ar2+": 0.09150769861134297,
        "Ar2+-Ar3+": 0.0003089703234251558,
        "Ar2+-Ar4+": 1.3494366557663137e-09,
        "Ar3+-Ar3+": 1.5783071188535303e-06,
        "Ar3+-Ar4+": 8.22492135537621e-12,
        "Ar4+-Ar4+": 4.858006963105094e-17
      },
      "electron_pair_mean_share": {
        "e--Ar": 0.27044089165749197,
        "e--Ar+": 0.5986412680724092,
        "e--Ar2+": 0.13054237750110995,
        "e--Ar3+": 0.000375461107219406,
        "e--Ar4+": 1.661769059726863e-09
      },
      "heavy_pair_top3": [
        [
          "Ar-Ar",
          0.4168490169607522
        ],
        [
          "Ar+-Ar+",
          0.3578541018212067
        ],
        [
          "Ar2+-Ar2+",
          0.09150769861134297
        ]
      ],
      "electron_pair_top3": [
        [
          "e--Ar+",
          0.5986412680724092
        ],
        [
          "e--Ar",
          0.27044089165749197
        ],
        [
          "e--Ar2+",
          0.13054237750110995
        ]
      ]
    },
    "matrix_stage": {
      "mu_diag_ratio_mean": 730623978555212.1,
      "mu_offdiag_to_diag_mean": 0.09252669292273567,
      "kH_diag_ratio_mean": 528714506632390.0,
      "kH_offdiag_to_diag_mean": 0.1494085836814058,
      "lee3_diag_ratio_mean": 36.15766986340835,
      "lee3_offdiag_to_diag_mean": 0.865069417984094
    },
    "output_stage": {
      "kappa_share_H_mean": 0.3059743520207756,
      "kappa_share_e_mean": 0.5515858840371318,
      "kappa_share_int_mean": 0.003608571946652912,
      "kappa_share_reac_mean": 0.13883119199543972
    }
  }
}