{
  "reference_csv": "/home/brjeon/Proj_PlasmaPropCalc/data/processed/thermo/argon_matf_reference_0p1_1_4atm.csv",
  "n_models": 9,
  "ranking_metric": "total_mean_avg_% = average of (mu_mean_avg_%, kappa_mean_avg_%, sigma_mean_avg_%)",
  "best": {
    "total": {
      "database": "Hayashi database",
      "score": 11.177377592454016
    },
    "mu": {
      "database": "Hayashi database",
      "score": 3.2631838531193327
    },
    "kappa": {
      "database": "Hayashi database",
      "score": 8.27249280894495
    },
    "sigma": {
      "database": "Hayashi database",
      "score": 21.99645611529777
    }
  },
  "rows": [
    {
      "model_csv": "/home/brjeon/Proj_PlasmaPropCalc/data/raw/murphy/collision_integrals/lxcat/lxcat_hayashi_database_e_ar_elastic.csv",
      "database": "Hayashi database",
      "mu_mean_avg_%": 3.2631838531193327,
      "kappa_mean_avg_%": 8.27249280894495,
      "sigma_mean_avg_%": 21.99645611529777,
      "total_mean_avg_%": 11.177377592454016,
      "mu_mean_0.1atm_%": 2.7741536534598565,
      "mu_peak_0.1atm_%": 4.434707934749405,
      "mu_max_0.1atm_%": 7.43545107186462,
      "kappa_mean_0.1atm_%": 9.475450353845636,
      "kappa_peak_0.1atm_%": 28.283134033699287,
      "kappa_max_0.1atm_%": 61.31621794725957,
      "sigma_mean_0.1atm_%": 19.29872327476372,
      "sigma_peak_0.1atm_%": 20.854758748806894,
      "sigma_max_0.1atm_%": 352.691142801768,
      "mu_mean_1.0atm_%": 2.950429320077421,
      "mu_peak_1.0atm_%": 4.161806120346359,
      "mu_max_1.0atm_%": 7.43545107186462,
      "kappa_mean_1.0atm_%": 8.044865697787602,
      "kappa_peak_1.0atm_%": 22.217410438277163,
      "kappa_max_1.0atm_%": 45.766345647333615,
      "sigma_mean_1.0atm_%": 21.898040197766445,
      "sigma_peak_1.0atm_%": 27.82895988773832,
      "sigma_max_1.0atm_%": 213.86152283564678,
      "mu_mean_4.0atm_%": 4.064968585820719,
      "mu_peak_4.0atm_%": 4.468693713707625,
      "mu_max_4.0atm_%": 7.43545107186462,
      "kappa_mean_4.0atm_%": 7.297162375201613,
      "kappa_peak_4.0atm_%": 19.839788242212823,
      "kappa_max_4.0atm_%": 41.27967920973133,
      "sigma_mean_4.0atm_%": 24.792604873363143,
      "sigma_peak_4.0atm_%": 33.24352892258189,
      "sigma_max_4.0atm_%": 212.6779824950396
    },
    {
      "model_csv": "/home/brjeon/Proj_PlasmaPropCalc/data/raw/murphy/collision_integrals/lxcat/lxcat_ist_lisbon_database_e_ar_elastic.csv",
      "database": "IST-Lisbon database",
      "mu_mean_avg_%": 3.2631838531193327,
      "kappa_mean_avg_%": 8.685308581659198,
      "sigma_mean_avg_%": 22.244084442393014,
      "total_mean_avg_%": 11.39752562572385,
      "mu_mean_0.1atm_%": 2.7741536534598565,
      "mu_peak_0.1atm_%": 4.434707934749405,
      "mu_max_0.1atm_%": 7.43545107186462,
      "kappa_mean_0.1atm_%": 9.703049669651907,
      "kappa_peak_0.1atm_%": 29.131621727583262,
      "kappa_max_0.1atm_%": 62.312784831597845,
      "sigma_mean_0.1atm_%": 20.10168521415008,
      "sigma_peak_0.1atm_%": 22.770853323858606,
      "sigma_max_0.1atm_%": 493.2488084973774,
      "mu_mean_1.0atm_%": 2.950429320077421,
      "mu_peak_1.0atm_%": 4.161806120346359,
      "mu_max_1.0atm_%": 7.43545107186462,
      "kappa_mean_1.0atm_%": 8.631574333726004,
      "kappa_peak_1.0atm_%": 24.4756449147579,
      "kappa_max_1.0atm_%": 78.54606043661666,
      "sigma_mean_1.0atm_%": 21.74528170216616,
      "sigma_peak_1.0atm_%": 25.708697426838025,
      "sigma_max_1.0atm_%": 224.79242310981272,
      "mu_mean_4.0atm_%": 4.064968585820719,
      "mu_peak_4.0atm_%": 4.468693713707625,
      "mu_max_4.0atm_%": 7.43545107186462,
      "kappa_mean_4.0atm_%": 7.721301741599686,
      "kappa_peak_4.0atm_%": 21.438751276958016,
      "kappa_max_4.0atm_%": 39.504625482316825,
      "sigma_mean_4.0atm_%": 24.885286410862793,
      "sigma_peak_4.0atm_%": 31.786698043179456,
      "sigma_max_4.0atm_%": 242.7084404843614
    },
    {
      "model_csv": "/home/brjeon/Proj_PlasmaPropCalc/data/raw/murphy/collision_integrals/lxcat/lxcat_biagi_v7_1_magboltz_version_7_1_e_ar_elastic.csv",
      "database": "Biagi-v7.1 (Magboltz version 7.1)",
      "mu_mean_avg_%": 3.2631838531193327,
      "kappa_mean_avg_%": 8.358531443357679,
      "sigma_mean_avg_%": 22.936173260030174,
      "total_mean_avg_%": 11.519296185502396,
      "mu_mean_0.1atm_%": 2.7741536534598565,
      "mu_peak_0.1atm_%": 4.434707934749405,
      "mu_max_0.1atm_%": 7.43545107186462,
      "kappa_mean_0.1atm_%": 9.524584991840028,
      "kappa_peak_0.1atm_%": 28.448732964702177,
      "kappa_max_0.1atm_%": 61.728188957035044,
      "sigma_mean_0.1atm_%": 18.595841926271166,
      "sigma_peak_0.1atm_%": 16.612919632806243,
      "sigma_max_0.1atm_%": 206.4634735429674,
      "mu_mean_1.0atm_%": 2.950429320077421,
      "mu_peak_1.0atm_%": 4.161806120346359,
      "mu_max_1.0atm_%": 7.43545107186462,
      "kappa_mean_1.0atm_%": 8.080747562631313,
      "kappa_peak_1.0atm_%": 22.33005120685595,
      "kappa_max_1.0atm_%": 46.36551856939421,
      "sigma_mean_1.0atm_%": 25.004099976613023,
      "sigma_peak_1.0atm_%": 37.81460132183651,
      "sigma_max_1.0atm_%": 622.0266225327559,
      "mu_mean_4.0atm_%": 4.064968585820719,
      "mu_peak_4.0atm_%": 4.468693713707625,
      "mu_max_4.0atm_%": 7.43545107186462,
      "kappa_mean_4.0atm_%": 7.470261775601699,
      "kappa_peak_4.0atm_%": 20.471715117999967,
      "kappa_max_4.0atm_%": 42.50087769457627,
      "sigma_mean_4.0atm_%": 25.208577877206327,
      "sigma_peak_4.0atm_%": 32.75833690037758,
      "sigma_max_4.0atm_%": 232.1344601587138
    },
    {
      "model_csv": "/home/brjeon/Proj_PlasmaPropCalc/data/raw/murphy/collision_integrals/lxcat/lxcat_puech_database_e_ar_elastic.csv",
      "database": "Puech database",
      "mu_mean_avg_%": 3.2631838531193327,
      "kappa_mean_avg_%": 8.369778443078744,
      "sigma_mean_avg_%": 22.9777407188141,
      "total_mean_avg_%": 11.53690100500406,
      "mu_mean_0.1atm_%": 2.7741536534598565,
      "mu_peak_0.1atm_%": 4.434707934749405,
      "mu_max_0.1atm_%": 7.43545107186462,
      "kappa_mean_0.1atm_%": 9.525492783633418,
      "kappa_peak_0.1atm_%": 28.456672719500386,
      "kappa_max_0.1atm_%": 61.74505872415879,
      "sigma_mean_0.1atm_%": 18.46989175714534,
      "sigma_peak_0.1atm_%": 16.795006209979896,
      "sigma_max_0.1atm_%": 213.14537835857425,
      "mu_mean_1.0atm_%": 2.950429320077421,
      "mu_peak_1.0atm_%": 4.161806120346359,
      "mu_max_1.0atm_%": 7.43545107186462,
      "kappa_mean_1.0atm_%": 8.092966078759655,
      "kappa_peak_1.0atm_%": 22.38445291538108,
      "kappa_max_1.0atm_%": 46.459620634706475,
      "sigma_mean_1.0atm_%": 25.4854673495686,
      "sigma_peak_1.0atm_%": 40.41924953412018,
      "sigma_max_1.0atm_%": 723.5520014192999,
      "mu_mean_4.0atm_%": 4.064968585820719,
      "mu_peak_4.0atm_%": 4.468693713707625,
      "mu_max_4.0atm_%": 7.43545107186462,
      "kappa_mean_4.0atm_%": 7.490876466843156,
      "kappa_peak_4.0atm_%": 20.560275559971277,
      "kappa_max_4.0atm_%": 43.93331939831171,
      "sigma_mean_4.0atm_%": 24.97786304972835,
      "sigma_peak_4.0atm_%": 32.591730841713876,
      "sigma_max_4.0atm_%": 233.09835258497355
    },
    {
      "model_csv": "/home/brjeon/Proj_PlasmaPropCalc/data/raw/murphy/collision_integrals/lxcat/lxcat_biagi_transcription_of_data_from_sf_biagi_s_fortran_code_magboltz_e_ar_elastic.csv",
      "database": "Biagi (transcription of data from SF Biagi's Fortran code, Magboltz.)",
      "mu_mean_avg_%": 3.2631838531193327,
      "kappa_mean_avg_%": 8.342477480664527,
      "sigma_mean_avg_%": 23.28537956475473,
      "total_mean_avg_%": 11.63034696617953,
      "mu_mean_0.1atm_%": 2.7741536534598565,
      "mu_peak_0.1atm_%": 4.434707934749405,
      "mu_max_0.1atm_%": 7.43545107186462,
      "kappa_mean_0.1atm_%": 9.520084356989862,
      "kappa_peak_0.1atm_%": 28.431427711273663,
      "kappa_max_0.1atm_%": 61.672574205896716,
      "sigma_mean_0.1atm_%": 18.672137771205236,