{"temperature_K": [300.0, 500.0, 700.0, 900.0, 1100.0, 1300.0, 1500.0, 1700.0, 1900.0, 2100.0, 2300.0, 2500.0, 2700.0, 2900.0, 3100.0, 3300.0, 3500.0, 3700.0, 3900.0, 4100.0, 4300.0, 4500.0, 4700.0, 4900.0, 5100.0, 5300.0, 5500.0, 5700.0, 5900.0, 6100.0, 6300.0, 6500.0, 6700.0, 6900.0, 7100.0, 7300.0, 7500.0, 7700.0, 7900.0, 8100.0, 8300.0, 8500.0, 8700.0, 8900.0, 9100.0, 9300.0, 9500.0, 9700.0, 9900.0, 10100.0, 10300.0, 10500.0, 10700.0, 10900.0, 11100.0, 11300.0, 11500.0, 11700.0, 11900.0, 12100.0, 12300.0, 12500.0, 12700.0, 12900.0, 13100.0, 13300.0, 13500.0, 13700.0, 13900.0, 14100.0, 14300.0, 14500.0, 14700.0, 14900.0, 15100.0, 15300.0, 15500.0, 15700.0, 15900.0, 16100.0, 16300.0, 16500.0, 16700.0, 16900.0, 17100.0, 17300.0, 17500.0, 17700.0, 17900.0, 18100.0, 18300.0, 18500.0, 18700.0, 18900.0, 19100.0, 19300.0, 19500.0, 19700.0, 19900.0, 20100.0, 20300.0, 20500.0, 20700.0, 20900.0, 21100.0, 21300.0, 21500.0, 21700.0, 21900.0, 22100.0, 22300.0, 22500.0, 22700.0, 22900.0, 23100.0, 23300.0, 23500.0, 23700.0, 23900.0, 24100.0, 24300.0, 24500.0, 24700.0, 24900.0, 25100.0, 25300.0, 25500.0, 25700.0, 25900.0, 26100.0, 26300.0, 26500.0, 26700.0, 26900.0, 27100.0, 27300.0, 27500.0, 27700.0, 27900.0, 28100.0, 28300.0, 28500.0, 28700.0, 28900.0, 29100.0, 29300.0, 29500.0, 29700.0, 29900.0, 30000.0], "species_order": ["Ar", "Ar+", "Ar2+", "Ar3+", "Ar4+", "e-"], "Q": {"Ar": [1.0, 1.0, 1.0, 1.0, 1.0, 1.0, 1.0, 1.0, 1.0, 1.0, 1.0, 1.0, 1.0, 1.0, 1.0, 1.0, 1.0000000000000002, 1.0000000000000016, 1.000000000000011, 1.0000000000000628, 1.0000000000002927, 1.0000000000011995, 1.0000000000043974, 1.00000000001453, 1.0000000000437967, 1.0000000001221128, 1.0000000003176628, 1.000000000776959, 1.000000001798465, 1.000000003962244, 1.0000000083490697, 1.0000000168975904, 1.000000032967614, 1.00000006220183, 1.0000001138073753, 1.0000002024124797, 1.0000003506904436, 1.0000005929834486, 1.000000980198775, 1.0000015862894875, 1.0000025166669821, 1.000003918922528, 1.0000059962562728, 1.0000090240236248, 1.0000133698086453, 1.0000195174212145, 1.0000280951888807, 1.0000399088753724, 1.0000559795068822, 1.00007758632512, 1.0001063150149698, 1.0001441112758955, 1.0001933397225835, 1.0002568480137668, 1.0003380360211942, 1.0004409297654857, 1.0005702597642145, 1.0007315433619899, 1.0009311705436132, 1.0011764926719535, 1.0014759135414022, 1.001838982097845, 1.00227648614642, 1.002800546349172, 1.003424709806107, 1.0041640425146403, 1.005035220013043, 1.0060566155332105, 1.0072483850153418, 1.0086325483714875, 1.0102330664251824, 1.012075912999684, 1.0141891416764577, 1.0166029467979645, 1.0193497183429294, 1.022464090357983, 1.0259829826854165, 1.029945635782458, 1.0343936384821892, 1.0393709485991773, 1.0449239063342275, 1.0511012404810034, 1.0579540674833234, 1.0655358834345754, 1.0739025491502812, 1.0831122684809467, 1.0932255600649372, 1.104305222750411, 1.1164162949408178, 1.129626008140826, 1.1440037349984082, 1.1596209321543867, 1.1765510782233892, 1.1948696072396985, 1.2146538379083998, 1.2359828990063735, 1.2589376512796784, 1.283600606183433, 1.3100558418078407, 1.3383889163300782, 1.3686867793255777, 1.4010376812651737, 1.4355310815159867, 1.4722575551540615, 1.511308698886332, 1.5527770363678817, 1.5967559231884925, 1.6433394517897228, 1.6926223565608447, 1.744699919348588, 1.7996678756021076, 1.8576223213611611, 1.9186596212816667, 1.9828763178795263, 2.0503690421600744, 2.121234425787462, 2.1955690149352756, 2.273469185947214, 2.3550310629242794, 2.4403504373431946, 2.5295226897991436, 2.6226427139550132, 2.7198048427687085, 2.8211027770598296, 2.9266295164676257, 3.036477292842652, 3.1507375061060188, 3.269500662601833, 3.3928563159606586, 3.520893010484532, 3.6536982270572955, 3.7913583315774435, 3.9339585259049565, 4.081582801307954, 4.234313894389857, 4.392233245473196, 4.55542095941177, 4.723955768798925, 4.897914999536176, 5.077374538723305, 5.262408804827825, 5.45309072008927, 5.649491685111855, 5.851681555596018, 6.059728621158969, 6.273699586191521, 6.493659552698218, 6.719672005066248, 6.951798796707675, 7.070173950101096], "Ar+": [4.002085774758013, 4.032506667024106, 4.105470679388223, 4.202819231539407, 4.307483642414731, 4.410138875936566, 4.506614339327177, 4.595438069205945, 4.676433918666003, 4.75000457333679, 4.8167787695735385, 4.877442134112099, 4.932659334912389, 4.983041374399934, 5.0291349464224, 5.071422270771846, 5.1103255797559015, 5.146213347561163, 5.179406841533107, 5.210186336603352, 5.2387967224231335, 5.265452427089218, 5.290341674638405, 5.313630134360376, 5.335464034065524, 5.355972810298341, 5.375271363251629, 5.393461976530198, 5.410635953816027, 5.426875016799561, 5.442252501844801, 5.456834386860723, 5.47068017473963, 5.483843655414, 5.496373564977998, 5.508314157315174, 5.519705701176118, 5.530584913574925, 5.540985338649716, 5.5509376796994, 5.560470090916027, 5.569608434337199, 5.57837650671303, 5.586796240284736, 5.5948878808904805, 5.602670146321651, 5.61016036743995, 5.617374614215579, 5.624327808550816, 5.631033825501434, 5.637505584294499, 5.643755130357707, 5.649793709419369, 5.655631834602922, 5.661279347325477, 5.666745472708386, 5.67203887012352, 5.677167679422274, 5.682139563330672, 5.686961746436543, 5.691641051145543, 5.696183930939508, 5.700596501232729, 5.704884568088481, 5.709053655028618, 5.713109028143323, 5.717055719685797, 5.720898550315303, 5.724642150135634, 5.728290978658861, 5.731849343811215, 5.7353214200846105, 5.738711265926707, 5.742022840452055, 5.745260019547979, 5.748426611441181, 5.751526371783062, 5.754563018306003, 5.757540245096322, 5.76046173652464, 5.7633311808692715, 5.766152283663994, 5.768928780796816, 5.771664451383783, 5.7743631304370995, 5.777028721344351, 5.779665208172737, 5.78227666780886, 5.78486728194278, 5.787441348902203, 5.790003295340757, 5.792557687782159, 5.795109244020154, 5.79766284437294, 5.8002235427881095, 5.802796577794384, 5.805387383293122, 5.808001599183501, 5.810645081812549, 5.813323914241381, 5.816044416317758, 5.818813154544543, 5.821636951733178, 5.824522896430723, 5.827478352108819, 5.830510966102603, 5.833628678287775, 5.836839729483575, 5.840152669569838, 5.843576365306457, 5.8471200078434835, 5.850793119911003, 5.854605562677654, 5.858567542267613, 5.8626896159262, 5.866982697824772, 5.871458064496291, 5.876127359893457, 5.881002600062386, 5.886096177424826, 5.891420864663363, 5.896989818204539, 5.90281658129551, 5.908915086670633, 5.915299658805667, 5.921985015757333, 5.928986270587357, 5.936318932370671, 5.943998906788219, 5.9520424963057454, 5.960466399940526, 5.969287712618902, 5.978523924127928, 5.988192917665679, 5.998312967994635, 6.008902739204094, 6.019981282087342, 6.031568031140591, 6.043682801190828, 6.056345783660317, 6.06957754247618, 6.083399009633499, 6.097831480421582, 6.112896608322443, 6.1286163995917615, 6.145013207532248, 6.162109726470345, 6.179928985446696, 6.198494341631464, 6.208064193335477],